{
  "classifier": {
    "accuracy": 0.9162790697674419,
    "classification_report": {
      "Healthy": {
        "precision": 0.7801418439716312,
        "recall": 0.990990990990991,
        "f1-score": 0.873015873015873,
        "support": 111.0
      },
      "LeakFault": {
        "precision": 0.9891304347826086,
        "recall": 0.8666666666666667,
        "f1-score": 0.9238578680203046,
        "support": 105.0
      },
      "BlockingFault": {
        "precision": 0.9722222222222222,
        "recall": 0.9459459459459459,
        "f1-score": 0.958904109589041,
        "support": 111.0
      },
      "BearingFault": {
        "precision": 0.9887640449438202,
        "recall": 0.8543689320388349,
        "f1-score": 0.9166666666666666,
        "support": 103.0
      }
    }
  },
  "regressor": {
    "LeakFault": {
      "MAE": 1.4134011661959413e-08,
      "RMSE": 2.907873734397537e-08,
      "R2": 0.9983666157822731
    },
    "BlockingFault": {
      "MAE": 0.0007323390869197134,
      "RMSE": 0.001721017090705268,
      "R2": 0.9992049708832349
    },
    "BearingFault": {
      "MAE": 2.3626743876707643e-06,
      "RMSE": 6.344021912425897e-06,
      "R2": 0.9975479261815688
    },
    "overall_r2": 0.9983731709490256,
    "overall_mae": 0.00024490529843968205,
    "overall_rmse": 0.0009936364314911202
  }
}