{
  "classifier": {
    "accuracy": 0.8569753810082064,
    "classification_report": {
      "Healthy": {
        "precision": 0.7676056338028169,
        "recall": 0.9819819819819819,
        "f1-score": 0.8616600790513834,
        "support": 111.0
      },
      "LeakFault": {
        "precision": 0.9680851063829787,
        "recall": 0.8666666666666667,
        "f1-score": 0.914572864321608,
        "support": 105.0
      },
      "BlockingFault": {
        "precision": 0.9433962264150944,
        "recall": 0.9009009009009009,
        "f1-score": 0.9216589861751152,
        "support": 111.0
      },
      "BearingFault": {
        "precision": 0.84,
        "recall": 0.8155339805825242,
        "f1-score": 0.8275862068965517,
        "support": 103.0
      },
      "Leak+Block": {
        "precision": 0.9813084112149533,
        "recall": 0.9545454545454546,
        "f1-score": 0.967741935483871,
        "support": 110.0
      },
      "Block+Bearing": {
        "precision": 0.87,
        "recall": 0.8207547169811321,
        "f1-score": 0.8446601941747572,
        "support": 106.0
      },
      "Bearing+Leak": {
        "precision": 0.7256637168141593,
        "recall": 0.7735849056603774,
        "f1-score": 0.7488584474885844,
        "support": 106.0
      },
      "AllFaults": {
        "precision": 0.8021978021978022,
        "recall": 0.7227722772277227,
        "f1-score": 0.7604166666666666,
        "support": 101.0
      }
    }
  },
  "regressor": {
    "LeakFault": {
      "MAE": 6.844251838961614e-08,
      "RMSE": 1.2107401174333748e-07,
      "R2": 0.9798509884015901
    },
    "BlockingFault": {
      "MAE": 0.0028236290699355923,
      "RMSE": 0.007122668616552033,
      "R2": 0.9876688360581352
    },
    "BearingFault": {
      "MAE": 1.6672195342733944e-05,
      "RMSE": 3.431498841958785e-05,
      "R2": 0.9377800867211926
    },
    "overall_r2": 0.9684333037269726,
    "overall_mae": 0.0009467899025989067,
    "overall_rmse": 0.004112322367158832
  }
}